{
	"format_version": "1.8.0",
	"animations": {
		"hand": {
			"animation_length": 0.625,
			"bones": {
				"right_arm": {
					"rotation": {
						"0.2083": {
							"vector": [0, 0, 0]
						},
						"0.625": {
							"vector": [-46.81472, 9.18229, 26.01814]
						}
					}
				}
			}
		},
		"scythe_swing": {
			"animation_length": 0.58333,
			"bones": {
				"right_arm": {
					"rotation": {
						"0.0": {
							"vector": [-159.54691, 10.97276, 1.80396]
						},
						"0.3333": {
							"vector": [-131.82069, 27.7414, -51.29706],
							"easing": "easeInOutQuart"
						},
						"0.5417": {
							"vector": [-42.20211, -1.70305, -89.45984],
							"easing": "easeInOutCubic"
						}
					}
				}
			}
		}
	}
}